id,category,org,brand,title,model_or_series,doc_type,language,publication_date,file_name,relative_path,pages,sha256,file_bytes,primary_url,alt_urls
M0001,manufacturers,Xylem,Lowara,"DOC Submersible pump units Installation, Operation and Maintenance manual",DOC,IOM,en,2019-01,xylem_lowara_doc_iom_doc_submersible_pump_units_installation_operation_and_maintenance_manual.pdf,manufacturers/xylem/xylem_lowara_doc_iom_doc_submersible_pump_units_installation_operation_and_maintenance_manual.pdf,,467a6631ff0b2d691f1ef56f9b9093f5682b82963181b9497e7e6e1b8689a59a,1683906,https://www.xylem.com/siteassets/brand/lowara/resources/manual/001082038en_a_01_2019_doc.pdf,"[""https://www.xylem.com/siteassets/brand/lowara/resources/manual/001082038en_a_01_2019_doc.pdf""]"
M0002,manufacturers,Xylem,Bell & Gossett,"Series e3-4 / e3-6 Installation, Operation and Maintenance Manual",e3-4_e3-6,IOM,en,2020-08,xylem_bell_gossett_e3_4_e3_6_iom_series_e3_4_e3_6_installation_operation_and_maintenance_manual.pdf,manufacturers/xylem/xylem_bell_gossett_e3_4_e3_6_iom_series_e3_4_e3_6_installation_operation_and_maintenance_manual.pdf,49,f23b96f39d35f466d5d0c861f3db3e71c998ce9ec76a412e4c8f3c7b0e76bd16,5941362,https://www.xylem.com/siteassets/brand/bell-amp-gossett/resources/manual/671075217en_a_08_2020_sizea4.pdf,"[""https://www.xylem.com/siteassets/brand/bell-amp-gossett/resources/manual/671075217en_a_08_2020_sizea4.pdf""]"
M0003,manufacturers,Hach,Hach,SC200 Controller Basic User Manual,SC200,user_manual,en,2019-12,hach_hach_sc200_user_manual_sc200_controller_basic_user_manual.pdf,manufacturers/hach/hach_hach_sc200_user_manual_sc200_controller_basic_user_manual.pdf,662,2ae768100fd19feac49b8e9d7fd112dc08c89ab41a9417d0b5c8d9226daba607,4535559,https://cdn.hach.com/7FYZVWYB/at/rb7c83xqbvh6znk6857m2p/DOC0239880040.pdf,"[""https://cdn.hach.com/7FYZVWYB/at/rb7c83xqbvh6znk6857m2p/DOC0239880040.pdf""]"
M0004,manufacturers,Siemens,Siemens,SITRANS F M MAG 5000/6000 Operating Instructions,MAG5000-MAG6000,operating_instructions,en,2013-12,siemens_siemens_mag5000_mag6000_operating_instructions_sitrans_f_m_mag_5000_6000_operating_instructions.pdf,manufacturers/siemens/siemens_siemens_mag5000_mag6000_operating_instructions_sitrans_f_m_mag_5000_6000_operating_instructions.pdf,195,b80d638e2791b18abe350d7390dbcf2e7fb4c79340a6e14bbb2c2021415c19ca,8835477,https://cache.industry.siemens.com/dl/files/888/85671888/att_40419/v1/MAG_5000-6000_Eng_en-US.pdf,"[""https://cache.industry.siemens.com/dl/files/888/85671888/att_40419/v1/MAG_5000-6000_Eng_en-US.pdf""]"
M0005,gov_edu,US EPA,EPA,Water Treatment Plant Model v2.0 User's Manual,WTP Model,user_manual,en,2001-05-18,us_epa_epa_wtp_model_user_manual_water_treatment_plant_model_v2_0_user_s_manual.pdf,gov_edu/us_epa/us_epa_epa_wtp_model_user_manual_water_treatment_plant_model_v2_0_user_s_manual.pdf,,dbed194982f31bd18f2140d7796647831ddadecd3a11c8ae9bb64bc5ed0f235f,793717,https://www.epa.gov/sites/default/files/2017-03/documents/wtp_model_v._2.0_manual_508.pdf,"[""https://www.epa.gov/sites/default/files/2017-03/documents/wtp_model_v._2.0_manual_508.pdf""]"
M0006,gov_edu,SA Water,SA Water,TS-0132 Operation and Maintenance Manuals Technical Standard,TS-0132,technical_standard,en,2016-05-20,sa_water_sa_water_ts_0132_technical_standard_ts_0132_operation_and_maintenance_manuals_technical_standard.pdf,gov_edu/sa_water/sa_water_sa_water_ts_0132_technical_standard_ts_0132_operation_and_maintenance_manuals_technical_standard.pdf,38,8553575ab0535102a23435ad7a4b78620f594295c32ee5ac09f01a5ccddce048,1025679,https://www.sawater.com.au/__data/assets/pdf_file/0011/79247/TS-0132-Operation-and-Maintenance-Manuals-Rev1.0-20160520.pdf,"[""https://www.sawater.com.au/__data/assets/pdf_file/0011/79247/TS-0132-Operation-and-Maintenance-Manuals-Rev1.0-20160520.pdf""]"
M0007,manufacturers,Pentair,Fleck,Fleck 5600 Service Manual,5600,service_manual,en,,pentair_fleck_5600_service_manual_fleck_5600_service_manual.pdf,manufacturers/pentair/pentair_fleck_5600_service_manual_fleck_5600_service_manual.pdf,28,24981cbd1ae80c277885ac3ac7d655a21388c18c056aee858af4df69c41962d3,1730670,https://www.pentair.com/content/dam/extranet/web/nam/fleck/manuals/40106-fleck-5600-manual.pdf,"[""https://www.pentair.com/content/dam/extranet/web/nam/fleck/manuals/40106-fleck-5600-manual.pdf""]"
M0008,manufacturers,Pentair,Fleck,Fleck 5600SXT Upflow Service Manual,5600SXT,service_manual,en,,pentair_fleck_5600sxt_service_manual_fleck_5600sxt_upflow_service_manual.pdf,manufacturers/pentair/pentair_fleck_5600sxt_service_manual_fleck_5600sxt_upflow_service_manual.pdf,28,6117fcfac8021a4804b25fd05035dafed965857c373f29ac85c1f1dd96774860,1891207,https://www.pentair.com/content/dam/extranet/web/nam/fleck/manuals/42683-fleck-5600sxt-upflow-manual.pdf,"[""https://www.pentair.com/content/dam/extranet/web/nam/fleck/manuals/42683-fleck-5600sxt-upflow-manual.pdf""]"
M0009,manufacturers,Pentair,Fleck,Fleck 5600SXT Downflow Service Manual,5600SXT,service_manual,en,,pentair_fleck_5600sxt_service_manual_fleck_5600sxt_downflow_service_manual.pdf,manufacturers/pentair/pentair_fleck_5600sxt_service_manual_fleck_5600sxt_downflow_service_manual.pdf,32,c4587408d782041e6ed0a5c0cd02315fe8fd110afab04905b5ce14e2b36b5475,2359878,https://www.pentair.com/content/dam/extranet/web/nam/fleck/manuals/42684-fleck-5600sxt-downflow-manual.pdf,"[""https://www.pentair.com/content/dam/extranet/web/nam/fleck/manuals/42684-fleck-5600sxt-downflow-manual.pdf""]"
M0010,manufacturers,Pentair,Fleck,Fleck SXT Controllers Owner's Manual,SXT,owners_manual,en,,pentair_fleck_sxt_owners_manual_fleck_sxt_controllers_owner_s_manual.pdf,manufacturers/pentair/pentair_fleck_sxt_owners_manual_fleck_sxt_controllers_owner_s_manual.pdf,8,9d53c87240081c120eaf79e99b1fbf59b1bcd7561545b9b181c670c5e7be7b54,1205763,https://www.pentair.com/content/dam/extranet/web/nam/fleck/manuals/44001-fleck-sxt-owners-manual.pdf,"[""https://www.pentair.com/content/dam/extranet/web/nam/fleck/manuals/44001-fleck-sxt-owners-manual.pdf""]"
M0011,manufacturers,Pentair,Fleck,Fleck 5800 LXT Downflow/Upflow Service Manual,5800LXT,service_manual,en,,pentair_fleck_5800lxt_service_manual_fleck_5800_lxt_downflow_upflow_service_manual.pdf,manufacturers/pentair/pentair_fleck_5800lxt_service_manual_fleck_5800_lxt_downflow_upflow_service_manual.pdf,24,ecf60f51716af817807218c6dbbcb0376d3c538646a4aa9101502e47b468f6db,2873562,https://www.pentair.com/content/dam/extranet/web/nam/fleck/manuals/43359-fleck-5800lxt-manual.pdf,"[""https://www.pentair.com/content/dam/extranet/web/nam/fleck/manuals/43359-fleck-5800lxt-manual.pdf""]"
M0012,manufacturers,Pentair,Fleck,Fleck 5800 SXT Downflow/Upflow Service Manual,5800SXT,service_manual,en,,pentair_fleck_5800sxt_service_manual_fleck_5800_sxt_downflow_upflow_service_manual.pdf,manufacturers/pentair/pentair_fleck_5800sxt_service_manual_fleck_5800_sxt_downflow_upflow_service_manual.pdf,32,3358a405365186394557d4171356ddbdc78f8fcbf0a57a435e8b6ce7aafc71be,2824517,https://www.pentair.com/content/dam/extranet/web/nam/fleck/manuals/43359-01-fleck-5800sxt-manual.pdf,"[""https://www.pentair.com/content/dam/extranet/web/nam/fleck/manuals/43359-01-fleck-5800sxt-manual.pdf""]"
M0013,manufacturers,Pentair,Fleck,Fleck 5800 XTR2 Service Manual,5800XTR2,service_manual,en,,pentair_fleck_5800xtr2_service_manual_fleck_5800_xtr2_service_manual.pdf,manufacturers/pentair/pentair_fleck_5800xtr2_service_manual_fleck_5800_xtr2_service_manual.pdf,36,f1f9ea07d4d09cee4de7fa420306eecf37932bd5c51e15582fdaaef2a0af5322,6866870,https://www.pentair.com/content/dam/extranet/web/nam/fleck/manuals/43359-02-fleck-5800xtr2-manual.pdf,"[""https://www.pentair.com/content/dam/extranet/web/nam/fleck/manuals/43359-02-fleck-5800xtr2-manual.pdf""]"
M0014,manufacturers,Pentair,Fleck,Fleck 5800/5810/5812 XTRi Manual,5800-5810-5812,manual,en,,pentair_fleck_5800_5810_5812_manual_fleck_5800_5810_5812_xtri_manual.pdf,manufacturers/pentair/pentair_fleck_5800_5810_5812_manual_fleck_5800_5810_5812_xtri_manual.pdf,48,557a66ea229e80b824d6c846e05420ba5e2511b3c79e0f0024e618556ac112f0,12453994,https://www.pentair.com/content/dam/extranet/web/nam/fleck/manuals/44514-fleck-5800-581-5812-xtri-manual.pdf,"[""https://www.pentair.com/content/dam/extranet/web/nam/fleck/manuals/44514-fleck-5800-581-5812-xtri-manual.pdf""]"
M0015,manufacturers,Pentair,Fleck,Fleck 9000/9100/9500 Service Manual,9000-9100-9500,service_manual,en,,pentair_fleck_9000_9100_9500_service_manual_fleck_9000_9100_9500_service_manual.pdf,manufacturers/pentair/pentair_fleck_9000_9100_9500_service_manual_fleck_9000_9100_9500_service_manual.pdf,157,cb7f7986a92a7e72b34dcc2f6a2537f3b86394b44e97877dd42c11b9c11964ef,6430580,https://www.pentair.com/content/dam/extranet/web/nam/fleck/manuals/40944-fleck-9000-9100-9500-manual.pdf,"[""https://www.pentair.com/content/dam/extranet/web/nam/fleck/manuals/40944-fleck-9000-9100-9500-manual.pdf""]"
M0016,manufacturers,Pentair,Fleck,Fleck 2510 Service Manual,2510,service_manual,en,,pentair_fleck_2510_service_manual_fleck_2510_service_manual.pdf,manufacturers/pentair/pentair_fleck_2510_service_manual_fleck_2510_service_manual.pdf,36,20dc9462f82732924b2311cff1003b718a1eac84f1d5b1d79824a5cf4214b716,6102359,https://www.pentair.com/content/dam/extranet/web/nam/fleck/manuals/40097_fleck_2510_manual.pdf,"[""https://www.pentair.com/content/dam/extranet/web/nam/fleck/manuals/40097_fleck_2510_manual.pdf""]"
M0017,manufacturers,Pentair,Fleck,Fleck 7000SXT Service Manual,7000SXT,service_manual,en,,pentair_fleck_7000sxt_service_manual_fleck_7000sxt_service_manual.pdf,manufacturers/pentair/pentair_fleck_7000sxt_service_manual_fleck_7000sxt_service_manual.pdf,24,53dd513caee578f0c78446e423446fbeff6b25b448e71bd00386c044c4e2de0b,2919345,https://www.pentair.com/content/dam/extranet/web/nam/fleck/manuals/42775-fleck-7000sxt-manual.pdf,"[""https://www.pentair.com/content/dam/extranet/web/nam/fleck/manuals/42775-fleck-7000sxt-manual.pdf""]"
M0018,manufacturers,Pentair,Fleck,Fleck 5810 & 5812 SXT Manual,5810-5812SXT,manual,en,,pentair_fleck_5810_5812sxt_manual_fleck_5810_5812_sxt_manual.pdf,manufacturers/pentair/pentair_fleck_5810_5812sxt_manual_fleck_5810_5812_sxt_manual.pdf,32,300c412f39ab5e10e547d28ddfe0fef144cdb372b82a4455225f35209f127b5c,9605420,https://www.pentair.com/content/dam/extranet/web/nam/fleck/manuals/44019-fleck-5810-5812sxt-manual.pdf,"[""https://www.pentair.com/content/dam/extranet/web/nam/fleck/manuals/44019-fleck-5810-5812sxt-manual.pdf""]"
M0019,manufacturers,Clack,Water Specialist,Water Specialist CI Control Valve Programming Manual,WS1/2 CI,programming_manual,en,,clack_water_specialist_ws1_2_ci_programming_manual_water_specialist_ci_control_valve_programming_manual.pdf,manufacturers/clack/clack_water_specialist_ws1_2_ci_programming_manual_water_specialist_ci_control_valve_programming_manual.pdf,28,5bc3395493a2301b5a87f49bfebcd1702d276f0f6c407e3dd28697ad419dce9b,2800090,https://www.clackcorp.com/wp-content/uploads/2025/11/V3435CI-WS1-2-CI-MANUAL-PROGRAMMING.pdf,"[""https://www.clackcorp.com/wp-content/uploads/2025/11/V3435CI-WS1-2-CI-MANUAL-PROGRAMMING.pdf""]"
M0020,manufacturers,Clack,Water Specialist,Water Specialist EI Control Valve Programming Manual,WS1/2 EI,programming_manual,en,,clack_water_specialist_ws1_2_ei_programming_manual_water_specialist_ei_control_valve_programming_manual.pdf,manufacturers/clack/clack_water_specialist_ws1_2_ei_programming_manual_water_specialist_ei_control_valve_programming_manual.pdf,24,29c43aadd0c65f7edbb9fe7186797de75fc6d9ec4372f454e047f06cdd21d762,3312666,https://www.clackcorp.com/wp-content/uploads/2025/11/V3435EI-WS1-2-EI-MANUAL-PROGRAMMING.pdf,"[""https://www.clackcorp.com/wp-content/uploads/2025/11/V3435EI-WS1-2-EI-MANUAL-PROGRAMMING.pdf""]"
M0021,manufacturers,Watts,Watts,"Installation, Operation and Maintenance Manual (WQ-PWSR)",WQ-PWSR,iom,en,,watts_watts_wq_pwsr_iom_installation_operation_and_maintenance_manual_wq_pwsr.pdf,manufacturers/watts/watts_watts_wq_pwsr_iom_installation_operation_and_maintenance_manual_wq_pwsr.pdf,28,822b2e90ed0a981d201780d77b1d4eb6bf4285505e79c414b14df6b715bffc6a,6287340,https://www.watts.com/dfsmedia/0533dbba17714b1ab581ab07a4cbb521/29606-source/638815501660000000/2915216-pdf.pdf,"[""https://www.watts.com/dfsmedia/0533dbba17714b1ab581ab07a4cbb521/29606-source/638815501660000000/2915216-pdf.pdf""]"
M0022,manufacturers,Watts,Watts,Model 5600SE Downflow Service Manual,5600SE,service_manual,en,,watts_watts_5600se_service_manual_model_5600se_downflow_service_manual.pdf,manufacturers/watts/watts_watts_5600se_service_manual_model_5600se_downflow_service_manual.pdf,32,c089ad94e4c0351c353863e87a4ab5baa299431799d45e1e3493ae6131f24e8a,1242924,https://www.watts.com/dfsmedia/0533dbba17714b1ab581ab07a4cbb521/12118-source/638815501640000000/5600se-pdf.pdf,"[""https://www.watts.com/dfsmedia/0533dbba17714b1ab581ab07a4cbb521/12118-source/638815501640000000/5600se-pdf.pdf""]"
M0023,manufacturers,Watts,Watts,"1"" Commercial Water Softeners IOM (WQ-LC-100)",WQ-LC-100,iom,en,,watts_watts_wq_lc_100_iom_1_commercial_water_softeners_iom_wq_lc_100.pdf,manufacturers/watts/watts_watts_wq_lc_100_iom_1_commercial_water_softeners_iom_wq_lc_100.pdf,52,2633b0577d6798e380edacc53340fda83a3f71e40665887163d0811dd33c40a6,12274654,https://www.watts.com/dfsmedia/0533dbba17714b1ab581ab07a4cbb521/232782-source/638459318660000000/68110417-iom-wq-lc-100-2142.pdf,"[""https://www.watts.com/dfsmedia/0533dbba17714b1ab581ab07a4cbb521/232782-source/638459318660000000/68110417-iom-wq-lc-100-2142.pdf""]"
M0024,manufacturers,Watts,Watts,Water Softener Installation Instructions,,installation_manual,en,,watts_watts_installation_manual_water_softener_installation_instructions.pdf,manufacturers/watts/watts_watts_installation_manual_water_softener_installation_instructions.pdf,44,83992b804571ba62c1368053712501306737838a3df6c6fb370e99430367e6cb,1152294,https://www.watts.com/dfsmedia/0533dbba17714b1ab581ab07a4cbb521/12079-source/638815501620000000/2850-pdf.pdf,"[""https://www.watts.com/dfsmedia/0533dbba17714b1ab581ab07a4cbb521/12079-source/638815501620000000/2850-pdf.pdf""]"
M0025,manufacturers,Xylem,Goulds Water Technology,"Deep Well Turbine Pumps Installation, Operation, and Maintenance Manual",DWT,IOM,en,,xylem_goulds_water_technology_dwt_iom_deep_well_turbine_pumps_installation_operation_and_maintenance_manual.pdf,manufacturers/xylem/xylem_goulds_water_technology_dwt_iom_deep_well_turbine_pumps_installation_operation_and_maintenance_manual.pdf,28,0053991f9ef4e406b2b58bae5f193c8040d96a12c2ff39c9d5707a0070669954,911979,https://www.xylem.com/siteassets/brand/goulds-water-technology/resources/manual/iomgwdwtr02.pdf,"[""https://www.xylem.com/siteassets/brand/goulds-water-technology/resources/manual/iomgwdwtr02.pdf""]"
M0026,manufacturers,Grundfos,Grundfos,DMX 227 Dosing pump Installation and operating instructions,DMX227,installation_operating_instructions,en,,grundfos_grundfos_dmx227_installation_operating_instructions_dmx_227_dosing_pump_installation_and_operating_instructions.pdf,manufacturers/grundfos/grundfos_grundfos_dmx227_installation_operating_instructions_dmx_227_dosing_pump_installation_and_operating_instructions.pdf,22,d3370fd4b371d4e28d76a333bde0641ab27c990449ee085b3840687323c6c5c1,1308807,https://api.grundfos.com/literature/Grundfosliterature-413716.pdf,"[""https://api.grundfos.com/literature/Grundfosliterature-413716.pdf""]"
M0027,manufacturers,Grundfos,Grundfos,DME Digital dosing pumps Data Booklet,DME,data_booklet,en,,grundfos_grundfos_dme_data_booklet_dme_digital_dosing_pumps_data_booklet.pdf,manufacturers/grundfos/grundfos_grundfos_dme_data_booklet_dme_digital_dosing_pumps_data_booklet.pdf,24,71b960fe56954662614cb7f7561bfabd39cd5173830309c46c5be59e4901ce2d,2911049,https://api.grundfos.com/literature/Grundfosliterature-5153618.pdf,[]
M0028,manufacturers,Grundfos,Grundfos,DTS Dosing tank station Installation and operating instructions,DTS,installation_operating_instructions,en,,grundfos_grundfos_dts_installation_operating_instructions_dts_dosing_tank_station_installation_and_operating_instructions.pdf,manufacturers/grundfos/grundfos_grundfos_dts_installation_operating_instructions_dts_dosing_tank_station_installation_and_operating_instructions.pdf,16,9d000198127969b5c5b9760d037a8be86aa35fb5892d9119b0bfe4f9f288333d,2676908,https://api.grundfos.com/literature/Grundfosliterature-5616777.pdf,[]
M0029,manufacturers,Hach,Hach,SC200 Universal Controller (Literature),SC200,product_literature,en,,hach_hach_sc200_product_literature_sc200_universal_controller_literature.pdf,manufacturers/hach/hach_hach_sc200_product_literature_sc200_universal_controller_literature.pdf,6,b0bc790e6c75cdb6ec5e9b1e37f765b38dc2e65d6187ac025860fb0c9ea5e309,919108,https://cdn.hach.com/7FYZVWYB/at/vxgfp93mrxjv5qh7k57snbm/LIT2665.pdf,[]
M0030,manufacturers,Siemens,Siemens,SITRANS FM MAG 5100 W Operating Instructions,MAG5100W,operating_instructions,en,,siemens_siemens_mag5100w_operating_instructions_sitrans_fm_mag_5100_w_operating_instructions.pdf,manufacturers/siemens/siemens_siemens_mag5100w_operating_instructions_sitrans_fm_mag_5100_w_operating_instructions.pdf,,8531e56602d42c68ee6dc719f577096a00f42e2a43c570d1761b240e2716add7,4239129,https://cache.industry.siemens.com/dl/files/684/109810684/att_1103287/v1/A5E03063678en_SITRANS_FM_MAG5100W_OI_en-US.pdf,[]
M0031,manufacturers,ABB,ABB,Aztec AWT440 Multi-input transmitter Operating Instruction,AWT440,operating_instructions,en,,abb_abb_awt440_operating_instructions_aztec_awt440_multi_input_transmitter_operating_instruction.pdf,manufacturers/abb/abb_abb_awt440_operating_instructions_aztec_awt440_multi_input_transmitter_operating_instruction.pdf,52,216c12f643fc24e0139883c0e735d3bdb1c694f00c01ea40d75feef87ad24022,7703349,https://library.e.abb.com/public/9d7d1ed72fd442cca99efc141c4c212c/OI_AWT440-EN_D.pdf,[]
M0032,manufacturers,ABB,ABB,Aztec ATS430 Turbidity sensor Operating Instruction,ATS430,operating_instructions,en,,abb_abb_ats430_operating_instructions_aztec_ats430_turbidity_sensor_operating_instruction.pdf,manufacturers/abb/abb_abb_ats430_operating_instructions_aztec_ats430_turbidity_sensor_operating_instruction.pdf,,28fc527e2ca5502856be2c19443a7271f0060ada6032bb47cc6c0655fc65e2fe,7512554,https://library.e.abb.com/public/4fd9b6c3f456430b9e4ba78b2aabb753/OI_ATS430-EN_J.pdf,[]
M0033,gov_edu,US EPA,EPA,U.S. Steel Midwest Revised O&M / Preventative Maintenance Program Plan – Wastewater Treatment,,operations_and_maintenance_manual,en,2018-06-26,us_epa_epa_operations_and_maintenance_manual_u_s_steel_midwest_revised_o_m_preventative_maintenance_program_plan_wastewater_treatment.pdf,gov_edu/us_epa/us_epa_epa_operations_and_maintenance_manual_u_s_steel_midwest_revised_o_m_preventative_maintenance_program_plan_wastewater_treatment.pdf,184,b13daa0862ea619e2d22002c2bb6a19d2ac87d2ecfe2e1c88e26846dd3e35533,3856765,https://www.epa.gov/sites/default/files/2018-07/documents/uss-midwest-revised-om-pmpp-manual-submitted-20180626-184pp.pdf,[]
M0034,gov_edu,CDC,CDC,"Water treatment while hiking, camping, and traveling",,guide,en,,cdc_cdc_guide_water_treatment_while_hiking_camping_and_traveling.pdf,gov_edu/cdc/cdc_cdc_guide_water_treatment_while_hiking_camping_and_traveling.pdf,2,72020779b8e14b0d7cf2bb498e3912d0d2c212bcc894f294326e84896c0ee096,773187,https://www.cdc.gov/healthywater/pdf/drinking/backcountry_water_treatment-508.pdf,[]
M0035,gov_edu,Oregon DEQ,Oregon DEQ,Preparation of Operations and Maintenance Manuals for domestic wastewater treatment plants,,guidance,en,,oregon_deq_oregon_deq_guidance_preparation_of_operations_and_maintenance_manuals_for_domestic_wastewater_treatment_plants.pdf,gov_edu/oregon_deq/oregon_deq_oregon_deq_guidance_preparation_of_operations_and_maintenance_manuals_for_domestic_wastewater_treatment_plants.pdf,13,396315809feb0a4a93adce3c53d4efb228648d743f751349f2a60f68cdc13080,141231,https://www.oregon.gov/deq/FilterRulemakingDocs/div52-stpommanuals.pdf,[]
M0036,gov_edu,Washington State DOH,WA DOH,Standard Operating Procedures for Water Treatment Plants,,guidance,en,,washington_state_doh_wa_doh_guidance_standard_operating_procedures_for_water_treatment_plants.pdf,gov_edu/washington_state_doh/washington_state_doh_wa_doh_guidance_standard_operating_procedures_for_water_treatment_plants.pdf,7,dbaa5e4aff39bebb314639d2fe93e08834f246a905bdfeffee41a94766e22e5d,170252,https://doh.wa.gov/sites/default/files/legacy/Documents/Pubs//331-647.pdf,[]
